Region,Internet Activity,Number,Percentage
Region XII - SOCCSKSARGEN,Government Interaction,174959,4.8
Region VII - Central Visayas,Social Networking,3923515,58.8
Region VI - Western Visayas,Health Information,777432,11.8
Cordillera Administrative Region,Goods or Services,546346,36.5
Bangsamoro Autonomous Region in Muslim Mindanao,Email,368722,9.8
Region VII - Central Visayas,Job Search,348783,5.2
Region VI - Western Visayas,Web Television,556174,8.4
Region XIII - Caraga,Goods or Services,553593,24.9
Region I - Ilocos Region,Goods or Services,1156576,26.3
National Capital Region,Online Classes,1342774,11.3
Region V - Bicol Region,Online Learning,458379,9.4
Region XII - SOCCSKSARGEN,Digital Publications,180198,5
MIMAROPA Region,Government Information,286148,11.3
Region XI - Davao Region,Online Health Appointment,60746,1.4
National Capital Region,Streaming Media,6006425,50.4
Region VIII - Eastern Visayas,Health Information,474056,12.3
National Capital Region,Job Search,832130,7
MIMAROPA Region,Goods or Services,575348,22.7
Region II - Cagayan Valley,Social Networking,1987378,65
Region XII - SOCCSKSARGEN,Cloud Storage,372151,10.2
Region XIII - Caraga,Social Networking,1239667,55.8
Region XIII - Caraga,Internet Calls,1390991,62.6
Cordillera Administrative Region,Games,431705,28.9
Bangsamoro Autonomous Region in Muslim Mindanao,Internet Calls,1376582,36.7
Region XII - SOCCSKSARGEN,Online Classes,182715,5
Region IX - Zamboanga Peninsula,Web Television,270661,8.8
Region XIII - Caraga,Web Television,234491,10.6
MIMAROPA Region,Web Radio,25183,1
Cordillera Administrative Region,Web Television,214352,14.3
Region XII - SOCCSKSARGEN,Software Downloads,541923,14.9
Region I - Ilocos Region,Government Information,435517,9.9
Region X - Northern Mindanao,Digital Publications,191898,4.6
Region VII - Central Visayas,Cloud Storage,946832,14.2
Region I - Ilocos Region,Social Networking,2774566,63.2
Region VI - Western Visayas,Web Radio,354588,5.4
Region X - Northern Mindanao,Travel Services,199802,4.8
PHILIPPINES,Digital Publications,5237837,5.7
Region XIII - Caraga,Travel Services,77376,3.5
Region X - Northern Mindanao,Streaming Media,1525556,36.5
Region V - Bicol Region,Government Information,698751,14.3
Region VIII - Eastern Visayas,Professional Networks,88436,2.3
Region IV-A - CALABARZON,Government Information,1935972,13.8
National Capital Region,Social Networking,7986230,67
Region IX - Zamboanga Peninsula,Cloud Storage,349380,11.4
Cordillera Administrative Region,Health Information,207144,13.8
Region XI - Davao Region,Software Downloads,504546,11.4
Region X - Northern Mindanao,Social Networking,2223016,53.2
National Capital Region,Online Software,1106735,9.3
Region III - Central Luzon,Digital Publications,594739,5.6
Region VII - Central Visayas,Health Information,805880,12.1
Region VII - Central Visayas,Created Content,1743474,26.1
Region IV-A - CALABARZON,Cloud Storage,1748006,12.5
Region XIII - Caraga,Email,560822,25.3
National Capital Region,Digital Publications,1024497,8.6
Region II - Cagayan Valley,Government Interaction,166176,5.4
Region VIII - Eastern Visayas,Internet Calls,2314270,59.9
Region VIII - Eastern Visayas,Job Search,129566,3.4
Cordillera Administrative Region,Internet Calls,998026,66.7
Region IX - Zamboanga Peninsula,Digital Publications,115343,3.8
Region XII - SOCCSKSARGEN,Games,898305,24.7
Cordillera Administrative Region,Professional Networks,44782,3
Region VIII - Eastern Visayas,Cloud Storage,278306,7.2
Region VII - Central Visayas,Online Health Appointment,276059,4.1
MIMAROPA Region,Internet Calls,1529192,60.2
MIMAROPA Region,Streaming Media,866784,34.2
PHILIPPINES,Online Software,5208043,5.7
Region VI - Western Visayas,Online Health Appointment,217418,3.3
Region I - Ilocos Region,Web Television,420651,9.6
Region XII - SOCCSKSARGEN,Online Learning,267112,7.3
Region VII - Central Visayas,Web Television,1253977,18.8
Region V - Bicol Region,Social Networking,2589809,53
Region I - Ilocos Region,Online Software,163350,3.7
PHILIPPINES,Games,21719720,23.8
Region II - Cagayan Valley,Internet Calls,2132986,69.8
Region IV-A - CALABARZON,Online Health Appointment,530832,3.8
Region III - Central Luzon,Social Networking,7006615,65.4
PHILIPPINES,Software Downloads,17438093,19.1
Region III - Central Luzon,Online Classes,717051,6.7
National Capital Region,Professional Networks,573105,4.8
Bangsamoro Autonomous Region in Muslim Mindanao,Web Radio,48178,1.3
Region III - Central Luzon,Games,2840712,26.5
Region III - Central Luzon,Cloud Storage,1161176,10.8
Region II - Cagayan Valley,Streaming Media,1355903,44.4
Region III - Central Luzon,Professional Networks,292423,2.7
Region XII - SOCCSKSARGEN,Created Content,931010,25.6
MIMAROPA Region,Social Networking,1479056,58.3
Region XII - SOCCSKSARGEN,Goods or Services,1156546,31.8
Region V - Bicol Region,Email,800936,16.4
Region I - Ilocos Region,Digital Publications,222762,5.1
MIMAROPA Region,Created Content,488432,19.2
Bangsamoro Autonomous Region in Muslim Mindanao,Online Learning,94501,2.5
Region I - Ilocos Region,Travel Services,219437,5
Cordillera Administrative Region,Social Networking,928982,62.1
Region XI - Davao Region,Online Learning,346857,7.8
Region VIII - Eastern Visayas,Streaming Media,1647799,42.6
Region XIII - Caraga,Web Radio,69862,3.1
Region IV-A - CALABARZON,Travel Services,917630,6.6
Region V - Bicol Region,Cloud Storage,454120,9.3
Region IX - Zamboanga Peninsula,Streaming Media,937902,30.6
PHILIPPINES,Online Health Appointment,3318284,3.6
Region IV-A - CALABARZON,Professional Networks,623796,4.5
Region IX - Zamboanga Peninsula,Social Networking,1381675,45.1
Region II - Cagayan Valley,Online Classes,141491,4.6
National Capital Region,Online Learning,1331877,11.2
Region VII - Central Visayas,Goods or Services,1763025,26.4
Region I - Ilocos Region,Created Content,1079696,24.6
MIMAROPA Region,Cloud Storage,147458,5.8
Region II - Cagayan Valley,Government Information,649036,21.2
Region I - Ilocos Region,Online Learning,416800,9.5
MIMAROPA Region,Job Search,82961,3.3
Region V - Bicol Region,Online Health Appointment,121565,2.5
Bangsamoro Autonomous Region in Muslim Mindanao,Online Software,45716,1.2
Region I - Ilocos Region,Streaming Media,1839960,41.9
Region VI - Western Visayas,Email,1730616,26.3
Bangsamoro Autonomous Region in Muslim Mindanao,Social Networking,1412248,37.7
Region VI - Western Visayas,Streaming Media,2584202,39.2
MIMAROPA Region,Games,519426,20.5
Bangsamoro Autonomous Region in Muslim Mindanao,Government Interaction,31754,0.8
Region IV-A - CALABARZON,Job Search,846110,6
National Capital Region,Created Content,3319218,27.8
Region IX - Zamboanga Peninsula,Games,366474,12
Region X - Northern Mindanao,Internet Calls,2306396,55.2
National Capital Region,Health Information,3480449,29.2
Bangsamoro Autonomous Region in Muslim Mindanao,Job Search,43029,1.1
National Capital Region,Internet Calls,9129871,76.6
Region I - Ilocos Region,Government Interaction,221896,5.1
Region II - Cagayan Valley,Digital Publications,122483,4
Bangsamoro Autonomous Region in Muslim Mindanao,Online Classes,52057,1.4
Region I - Ilocos Region,Online Health Appointment,201684,4.6
National Capital Region,Government Information,2593209,21.8
Bangsamoro Autonomous Region in Muslim Mindanao,Software Downloads,322543,8.6
Region V - Bicol Region,Web Radio,154685,3.2
Region III - Central Luzon,Travel Services,488410,4.6
Region XI - Davao Region,Social Networking,2091936,47.1
Region XI - Davao Region,Internet Calls,2177139,49
Region IV-A - CALABARZON,Games,3558252,25.4
Region XIII - Caraga,Health Information,301171,13.6
Region X - Northern Mindanao,Online Learning,532268,12.7
Region VIII - Eastern Visayas,Social Networking,2248620,58.2
MIMAROPA Region,Online Learning,145245,5.7
Region III - Central Luzon,Online Health Appointment,365827,3.4
Region III - Central Luzon,Created Content,2318968,21.7
Bangsamoro Autonomous Region in Muslim Mindanao,Web Television,117984,3.1
Region XIII - Caraga,Online Learning,209230,9.4
Cordillera Administrative Region,Online Classes,55884,3.7
Region VIII - Eastern Visayas,Government Interaction,207599,5.4
Region VII - Central Visayas,Games,1662270,24.9
MIMAROPA Region,Software Downloads,633253,24.9
Region VIII - Eastern Visayas,Web Television,457411,11.8
Region VII - Central Visayas,Travel Services,516573,7.7
Region XIII - Caraga,Online Classes,106765,4.8
Region XI - Davao Region,Games,787572,17.7
Region II - Cagayan Valley,Software Downloads,552545,18.1
Region VI - Western Visayas,Government Information,837114,12.7
Region VIII - Eastern Visayas,Travel Services,210836,5.5
Region IV-A - CALABARZON,Internet Calls,9686614,69.3
Region VII - Central Visayas,Online Software,440946,6.6
National Capital Region,Email,5636729,47.3
Region X - Northern Mindanao,Online Software,282239,6.8
Cordillera Administrative Region,Online Learning,199007,13.3
Region III - Central Luzon,Online Learning,810550,7.6
Region XIII - Caraga,Government Interaction,82353,3.7
PHILIPPINES,Online Classes,5549765,6.1
Region VIII - Eastern Visayas,Online Health Appointment,99055,2.6
Region V - Bicol Region,Created Content,776507,15.9
Region IX - Zamboanga Peninsula,Professional Networks,76494,2.5
Region IX - Zamboanga Peninsula,Email,658999,21.5
Region XI - Davao Region,Professional Networks,118565,2.7
Cordillera Administrative Region,Digital Publications,112863,7.5
Cordillera Administrative Region,Government Information,305352,20.4
Region I - Ilocos Region,Software Downloads,1058990,24.1
MIMAROPA Region,Health Information,351701,13.9
Cordillera Administrative Region,Online Health Appointment,38384,2.6
Region IV-A - CALABARZON,Online Learning,1163105,8.3
Region III - Central Luzon,Software Downloads,2403472,22.4
Region II - Cagayan Valley,Online Software,189928,6.2
Region XI - Davao Region,Government Information,548178,12.3
Region VII - Central Visayas,Internet Calls,4307521,64.6
MIMAROPA Region,Email,598962,23.6
Region X - Northern Mindanao,Games,968019,23.2
Region VI - Western Visayas,Online Learning,442259,6.7
Region XI - Davao Region,Online Software,173170,3.9
Region III - Central Luzon,Web Television,2001096,18.7
Region VII - Central Visayas,Software Downloads,1410659,21.2
Region V - Bicol Region,Goods or Services,1164461,23.8
Bangsamoro Autonomous Region in Muslim Mindanao,Created Content,597059,15.9
Region II - Cagayan Valley,Goods or Services,890599,29.1
Region I - Ilocos Region,Online Classes,305375,7
Region XIII - Caraga,Games,501275,22.6
Region IX - Zamboanga Peninsula,Software Downloads,288727,9.4
Region VI - Western Visayas,Professional Networks,201429,3.1
Region XIII - Caraga,Created Content,372706,16.8
Region IX - Zamboanga Peninsula,Created Content,481862,15.7
Region IV-A - CALABARZON,Online Classes,943935,6.7
Bangsamoro Autonomous Region in Muslim Mindanao,Goods or Services,413149,11
Region VII - Central Visayas,Government Interaction,446002,6.7
Region IV-A - CALABARZON,Created Content,3658496,26.2
MIMAROPA Region,Online Software,104437,4.1
Region X - Northern Mindanao,Job Search,162203,3.9
Region VIII - Eastern Visayas,Online Classes,176079,4.6
Region I - Ilocos Region,Internet Calls,3157168,71.9
Region IX - Zamboanga Peninsula,Online Classes,115447,3.8
Region IX - Zamboanga Peninsula,Online Learning,156056,5.1
Cordillera Administrative Region,Online Software,97010,6.5
Region IV-A - CALABARZON,Email,4728875,33.8
Region X - Northern Mindanao,Created Content,1070813,25.6
Region X - Northern Mindanao,Government Information,570506,13.7
Region IV-A - CALABARZON,Social Networking,8754436,62.6
Bangsamoro Autonomous Region in Muslim Mindanao,Health Information,142545,3.8
Cordillera Administrative Region,Cloud Storage,145504,9.7
PHILIPPINES,Streaming Media,39083898,42.8
MIMAROPA Region,Professional Networks,50182,2
PHILIPPINES,Online Learning,7931719,8.7
Region III - Central Luzon,Goods or Services,3201918,29.9
Region VI - Western Visayas,Job Search,286948,4.4
Region VII - Central Visayas,Professional Networks,238805,3.6
Region VI - Western Visayas,Digital Publications,308655,4.7
Region II - Cagayan Valley,Games,729052,23.9
Region I - Ilocos Region,Professional Networks,77073,1.8
Region VIII - Eastern Visayas,Email,810001,21
Region X - Northern Mindanao,Professional Networks,106912,2.6
Region II - Cagayan Valley,Email,621755,20.3
Bangsamoro Autonomous Region in Muslim Mindanao,Professional Networks,9967,0.3
Region IV-A - CALABARZON,Digital Publications,1089949,7.8
Region VII - Central Visayas,Online Learning,754632,11.3
Region X - Northern Mindanao,Cloud Storage,353956,8.5
Region V - Bicol Region,Internet Calls,2935235,60.1
Region IX - Zamboanga Peninsula,Government Interaction,102633,3.4
Region VIII - Eastern Visayas,Government Information,439288,11.4
Region I - Ilocos Region,Web Radio,173664,4
Region X - Northern Mindanao,Goods or Services,1182238,28.3
PHILIPPINES,Goods or Services,25482012,27.9
Region XII - SOCCSKSARGEN,Streaming Media,1475675,40.6
Region VI - Western Visayas,Social Networking,3697952,56.1
National Capital Region,Cloud Storage,2265454,19
Region VI - Western Visayas,Travel Services,355290,5.4
Region VIII - Eastern Visayas,Online Learning,286182,7.4
Region XII - SOCCSKSARGEN,Internet Calls,2012762,55.4
Region II - Cagayan Valley,Web Television,455770,14.9
Region IV-A - CALABARZON,Goods or Services,4109160,29.4
Region XI - Davao Region,Web Television,321291,7.2
MIMAROPA Region,Government Interaction,106088,4.2
Region IX - Zamboanga Peninsula,Web Radio,50557,1.7
National Capital Region,Travel Services,1446114,12.1
Region II - Cagayan Valley,Web Radio,94130,3.1
PHILIPPINES,Internet Calls,57884800,63.3
Region V - Bicol Region,Health Information,694352,14.2
Region III - Central Luzon,Web Radio,938582,8.8
Region XI - Davao Region,Web Radio,178056,4
Region XI - Davao Region,Online Classes,185872,4.2
Region VII - Central Visayas,Online Classes,307895,4.6
Region IX - Zamboanga Peninsula,Online Health Appointment,39686,1.3
Region IX - Zamboanga Peninsula,Internet Calls,1412697,46.1
Region VIII - Eastern Visayas,Web Radio,112317,2.9
Region VIII - Eastern Visayas,Goods or Services,662483,17.1
Region X - Northern Mindanao,Online Health Appointment,76263,1.8
National Capital Region,Government Interaction,1406077,11.8
Region VII - Central Visayas,Government Information,957840,14.4
Bangsamoro Autonomous Region in Muslim Mindanao,Travel Services,24237,0.6
Region XI - Davao Region,Job Search,161624,3.6
Region VIII - Eastern Visayas,Games,680782,17.6
Region V - Bicol Region,Web Television,315330,6.5
MIMAROPA Region,Online Health Appointment,57594,2.3
Region IV-A - CALABARZON,Streaming Media,7204283,51.5
Region X - Northern Mindanao,Email,1181868,28.3
Region XII - SOCCSKSARGEN,Health Information,545350,15
Region VIII - Eastern Visayas,Online Software,191921,5
Region XI - Davao Region,Email,987589,22.2
PHILIPPINES,Created Content,21067653,23.1
Region XI - Davao Region,Streaming Media,1749001,39.4
Region XI - Davao Region,Cloud Storage,287354,6.5
Region VI - Western Visayas,Cloud Storage,645075,9.8
Region VII - Central Visayas,Web Radio,660919,9.9
MIMAROPA Region,Travel Services,120717,4.8
Bangsamoro Autonomous Region in Muslim Mindanao,Government Information,151318,4
Region VI - Western Visayas,Online Software,215529,3.3
Region I - Ilocos Region,Job Search,114373,2.6
Region V - Bicol Region,Job Search,136622,2.8
Region XI - Davao Region,Digital Publications,151622,3.4
Region XIII - Caraga,Online Health Appointment,48263,2.2
Region V - Bicol Region,Streaming Media,1947426,39.9
Region III - Central Luzon,Health Information,1236359,11.5
Cordillera Administrative Region,Created Content,364354,24.4
Region X - Northern Mindanao,Web Radio,85279,2
PHILIPPINES,Web Radio,5443112,6
Bangsamoro Autonomous Region in Muslim Mindanao,Cloud Storage,157539,4.2
Region IX - Zamboanga Peninsula,Job Search,114327,3.7
Region I - Ilocos Region,Health Information,345892,7.9
PHILIPPINES,Government Interaction,5775555,6.3
Region XIII - Caraga,Software Downloads,384598,17.3
Region XIII - Caraga,Digital Publications,88082,4
PHILIPPINES,Email,26688320,29.2
Region IX - Zamboanga Peninsula,Travel Services,104687,3.4
Region II - Cagayan Valley,Created Content,712483,23.3
National Capital Region,Web Radio,1443539,12.1
Region III - Central Luzon,Government Interaction,554367,5.2
Cordillera Administrative Region,Web Radio,95568,6.4
Region XII - SOCCSKSARGEN,Web Television,348983,9.6
Region XII - SOCCSKSARGEN,Travel Services,200698,5.5
Region VIII - Eastern Visayas,Digital Publications,190436,4.9
Region IX - Zamboanga Peninsula,Goods or Services,572268,18.7
Bangsamoro Autonomous Region in Muslim Mindanao,Digital Publications,58240,1.6
Region IV-A - CALABARZON,Software Downloads,2640193,18.9
Region VI - Western Visayas,Software Downloads,760199,11.5
Region V - Bicol Region,Online Classes,244634,5
Region III - Central Luzon,Government Information,1345180,12.6
Region XII - SOCCSKSARGEN,Government Information,472826,13
National Capital Region,Online Health Appointment,974518,8.2
Region II - Cagayan Valley,Job Search,101057,3.3
Cordillera Administrative Region,Job Search,57686,3.9
Region V - Bicol Region,Digital Publications,271668,5.6
Region XII - SOCCSKSARGEN,Online Health Appointment,121743,3.3
National Capital Region,Goods or Services,4837028,40.6
Region IV-A - CALABARZON,Government Interaction,1174671,8.4
Region I - Ilocos Region,Games,1189209,27.1
PHILIPPINES,Health Information,13172924,14.4
Region VI - Western Visayas,Goods or Services,1788266,27.1
Region I - Ilocos Region,Email,1618282,36.9
Region XI - Davao Region,Created Content,1141352,25.7
Region IX - Zamboanga Peninsula,Online Software,34890,1.1
Region IV-A - CALABARZON,Online Software,1058152,7.6
Region V - Bicol Region,Professional Networks,91471,1.9
Region X - Northern Mindanao,Software Downloads,890985,21.3
Region XIII - Caraga,Government Information,314559,14.2
Region XII - SOCCSKSARGEN,Web Radio,122029,3.4
Bangsamoro Autonomous Region in Muslim Mindanao,Streaming Media,848244,22.6
Region V - Bicol Region,Software Downloads,961283,19.7
PHILIPPINES,Professional Networks,2762684,3
Region XI - Davao Region,Government Interaction,193012,4.3
Region III - Central Luzon,Email,3406573,31.8
Region IX - Zamboanga Peninsula,Health Information,193271,6.3
Region XI - Davao Region,Goods or Services,909009,20.5
Region I - Ilocos Region,Cloud Storage,285910,6.5
Bangsamoro Autonomous Region in Muslim Mindanao,Online Health Appointment,28180,0.8
PHILIPPINES,Social Networking,53625010,58.7
Region VII - Central Visayas,Digital Publications,414573,6.2
Region VII - Central Visayas,Email,1954301,29.3
Region X - Northern Mindanao,Government Interaction,206948,5
Region XII - SOCCSKSARGEN,Professional Networks,67995,1.9
Region XI - Davao Region,Health Information,439028,9.9
Region II - Cagayan Valley,Online Health Appointment,60465,2
Region VII - Central Visayas,Streaming Media,2921476,43.8
Region IV-A - CALABARZON,Health Information,2059264,14.7
Region III - Central Luzon,Internet Calls,7344760,68.6
Region II - Cagayan Valley,Online Learning,317659,10.4
Region IV-A - CALABARZON,Web Television,2072920,14.8
National Capital Region,Games,4038456,33.9
Cordillera Administrative Region,Travel Services,77325,5.2
Region VI - Western Visayas,Games,1172503,17.8
Region XI - Davao Region,Travel Services,94677,2.1
Region VIII - Eastern Visayas,Software Downloads,625212,16.2
Region XII - SOCCSKSARGEN,Social Networking,1899309,52.2
Region II - Cagayan Valley,Travel Services,106240,3.5
Region VI - Western Visayas,Internet Calls,3672589,55.8
PHILIPPINES,Travel Services,5358602,5.9
National Capital Region,Web Television,3181062,26.7
Region V - Bicol Region,Online Software,305125,6.2
Region XIII - Caraga,Streaming Media,596852,26.9
Region VI - Western Visayas,Online Classes,366662,5.6
Region XIII - Caraga,Online Software,57023,2.6
Region V - Bicol Region,Government Interaction,281610,5.8
Cordillera Administrative Region,Government Interaction,90254,6
Region VI - Western Visayas,Government Interaction,329155,5
Region III - Central Luzon,Online Software,596401,5.6
Region XIII - Caraga,Job Search,65924,3
Cordillera Administrative Region,Software Downloads,421444,28.2
Region V - Bicol Region,Travel Services,198553,4.1
Region XII - SOCCSKSARGEN,Online Software,145473,4
Region X - Northern Mindanao,Web Television,281004,6.7
PHILIPPINES,Government Information,12783072,14
PHILIPPINES,Job Search,4105933,4.5
MIMAROPA Region,Online Classes,93838,3.7
Region XII - SOCCSKSARGEN,Email,631517,17.4
Cordillera Administrative Region,Email,391773,26.2
Region III - Central Luzon,Job Search,472206,4.4
Region IV-A - CALABARZON,Web Radio,835977,6
Region IX - Zamboanga Peninsula,Government Information,242277,7.9
Region III - Central Luzon,Streaming Media,4802404,44.8
Region II - Cagayan Valley,Health Information,554123,18.1
Region XII - SOCCSKSARGEN,Job Search,150383,4.1
Region X - Northern Mindanao,Health Information,564906,13.5
Region XIII - Caraga,Professional Networks,22854,1
MIMAROPA Region,Web Television,100093,3.9
National Capital Region,Software Downloads,3037523,25.5
PHILIPPINES,Cloud Storage,10192690,11.2
Region II - Cagayan Valley,Professional Networks,78395,2.6
Region X - Northern Mindanao,Online Classes,211290,5.1
Region XIII - Caraga,Cloud Storage,256499,11.5
Cordillera Administrative Region,Streaming Media,774008,51.7
Region VIII - Eastern Visayas,Created Content,685943,17.8
Bangsamoro Autonomous Region in Muslim Mindanao,Games,409149,10.9
Region II - Cagayan Valley,Cloud Storage,337968,11.1
Region VI - Western Visayas,Created Content,1325279,20.1
Region V - Bicol Region,Games,966556,19.8
PHILIPPINES,Web Television,12603250,13.8
MIMAROPA Region,Digital Publications,99829,3.9
