Region,Gender,Number,Percentage
Region III - Central Luzon,Female,4076385,51.5
Region I - Ilocos Region,Female,1662895,51.2
Region XI - Davao Region,Male,1107789,46.6
Region IV-A - CALABARZON,Female,5291358,53.1
Region VI - Western Visayas,Female,2112757,52.2
PHILIPPINES,Female,31816569,51.8
Region II - Cagayan Valley,Male,1119979,49.1
Region II - Cagayan Valley,Female,1160140,50.9
Region IX - Zamboanga Peninsula,Female,808532,52.7
Region VIII - Eastern Visayas,Female,1307467,51
Region XII - SOCCSKSARGEN,Male,1099122,49
Region XI - Davao Region,Both Sexes,2379134,53.5
Bangsamoro Autonomous Region in Muslim Mindanao,Female,780626,51.4
National Capital Region,Female,4885896,51.6
Region V - Bicol Region,Both Sexes,3089195,63.2
Region II - Cagayan Valley,Both Sexes,2280119,74.6
National Capital Region,Male,4579793,48.4
PHILIPPINES,Male,29650540,48.2
Region XIII - Caraga,Both Sexes,1442671,65
Region X - Northern Mindanao,Female,1283969,49.9
Region X - Northern Mindanao,Male,1291230,50.1
MIMAROPA Region,Both Sexes,1607108,63.3
National Capital Region,Both Sexes,9465688,79.4
Region XI - Davao Region,Female,1271346,53.4
Bangsamoro Autonomous Region in Muslim Mindanao,Male,737537,48.6
Region XIII - Caraga,Male,734632,50.9
MIMAROPA Region,Male,779134,48.5
Cordillera Administrative Region,Male,526369,49.2
Cordillera Administrative Region,Both Sexes,1070014,71.5
Region III - Central Luzon,Male,3843871,48.5
Region VI - Western Visayas,Both Sexes,4047294,61.4
Region VIII - Eastern Visayas,Both Sexes,2565585,66.4
Bangsamoro Autonomous Region in Muslim Mindanao,Both Sexes,1518163,40.5
Region V - Bicol Region,Male,1471356,47.6
Region VI - Western Visayas,Male,1934536,47.8
Region I - Ilocos Region,Male,1587591,48.8
Region I - Ilocos Region,Both Sexes,3250486,74.1
Region III - Central Luzon,Both Sexes,7920256,74
MIMAROPA Region,Female,827974,51.5
Region XII - SOCCSKSARGEN,Female,1143095,51
Cordillera Administrative Region,Female,543645,50.8
Region VII - Central Visayas,Female,2334606,51.7
Region X - Northern Mindanao,Both Sexes,2575198,61.7
Region VII - Central Visayas,Male,2180132,48.3
Region VII - Central Visayas,Both Sexes,4514738,67.7
Region IX - Zamboanga Peninsula,Both Sexes,1533070,50.1
Region XIII - Caraga,Female,708040,49.1
Region XII - SOCCSKSARGEN,Both Sexes,2242217,61.7
PHILIPPINES,Both Sexes,61467109,67.3
Region VIII - Eastern Visayas,Male,1258118,49
Region V - Bicol Region,Female,1617838,52.4
Region IV-A - CALABARZON,Both Sexes,9966173,71.3
Region IX - Zamboanga Peninsula,Male,724538,47.3
Region IV-A - CALABARZON,Male,4674814,46.9
