Region,Network / Device / Signal,Number,Percentage
Region XI - Davao Region,3G,229653,7.6
Region I - Ilocos Region,Working Device,3678324,83.8
Region X - Northern Mindanao,4G,2338267,73
Region IX - Zamboanga Peninsula,5G,251507,12.4
Region VIII - Eastern Visayas,Working Device,2700906,69.9
Region VI - Western Visayas,4G,3711355,74.3
Bangsamoro Autonomous Region in Muslim Mindanao,2G,724808,27.6
Region I - Ilocos Region,5G,762984,20.7
Region VII - Central Visayas,4G,3734660,70.7
Region VIII - Eastern Visayas,3G,148851,5.5
Region X - Northern Mindanao,5G,501851,15.7
National Capital Region,5G,3380432,30.8
MIMAROPA Region,5G,181021,9.5
Region III - Central Luzon,3G,418544,4.6
MIMAROPA Region,2G,114428,6
Region II - Cagayan Valley,3G,176966,7.3
Region IX - Zamboanga Peninsula,Working Device,2028807,66.2
Cordillera Administrative Region,3G,109121,8.6
Region V - Bicol Region,3G,345378,9.7
Region VIII - Eastern Visayas,4G,2110162,78.1
PHILIPPINES,4G,53786425,73.7
Region IX - Zamboanga Peninsula,2G,215008,10.6
Region VIII - Eastern Visayas,2G,230532,8.5
Region IV-A - CALABARZON,5G,1833915,15.2
Region II - Cagayan Valley,5G,90119,3.7
Region VII - Central Visayas,Working Device,5285418,79.3
Region XII - SOCCSKSARGEN,3G,133958,5.5
Region XII - SOCCSKSARGEN,Working Device,2444698,67.2
Region V - Bicol Region,4G,2656655,74.3
Region IV-A - CALABARZON,3G,648940,5.4
Region VI - Western Visayas,Working Device,4992329,75.8
Region XIII - Caraga,Working Device,1687377,76
PHILIPPINES,2G,4277684,5.9
Bangsamoro Autonomous Region in Muslim Mindanao,5G,123240,4.7
Region V - Bicol Region,Working Device,3576035,73.2
National Capital Region,4G,7454445,68
Bangsamoro Autonomous Region in Muslim Mindanao,Working Device,2622969,70
MIMAROPA Region,Working Device,1896311,74.7
Region XIII - Caraga,4G,1371121,81.3
Region IX - Zamboanga Peninsula,3G,417263,20.6
Region VII - Central Visayas,3G,286451,5.4
Region IV-A - CALABARZON,2G,438235,3.6
Region III - Central Luzon,Working Device,9030614,84.3
Region I - Ilocos Region,4G,2496388,67.9
PHILIPPINES,3G,4595377,6.3
PHILIPPINES,Working Device,72935183,79.8
Region X - Northern Mindanao,3G,199377,6.2
Region IV-A - CALABARZON,4G,9366764,77.5
National Capital Region,2G,93623,0.9
National Capital Region,3G,253649,2.3
Region XIII - Caraga,2G,139470,8.3
Region III - Central Luzon,5G,1407267,15.6
Region III - Central Luzon,4G,7042165,78
Region V - Bicol Region,5G,367250,10.3
Region VIII - Eastern Visayas,5G,258445,9.6
Region IV-A - CALABARZON,Working Device,12080181,86.4
Region XI - Davao Region,4G,2309592,76
Region VI - Western Visayas,3G,302298,6.1
Region XIII - Caraga,5G,68076,4
Region XII - SOCCSKSARGEN,2G,246150,10.1
MIMAROPA Region,4G,1549619,81.7
Region V - Bicol Region,2G,279289,7.8
Region XI - Davao Region,2G,286485,9.4
National Capital Region,Working Device,10962747,92
Bangsamoro Autonomous Region in Muslim Mindanao,3G,332178,12.7
Region VII - Central Visayas,2G,361456,6.8
Region IX - Zamboanga Peninsula,4G,1171062,57.7
Region III - Central Luzon,2G,280601,3.1
Region XII - SOCCSKSARGEN,5G,217670,8.9
Region XII - SOCCSKSARGEN,4G,1916179,78.4
Region XI - Davao Region,5G,261323,8.6
Region II - Cagayan Valley,Working Device,2434114,79.7
Cordillera Administrative Region,5G,111884,8.8
Region I - Ilocos Region,3G,347380,9.4
Region I - Ilocos Region,2G,90959,2.5
Region II - Cagayan Valley,2G,149700,6.2
Region VII - Central Visayas,5G,1010825,19.1
Cordillera Administrative Region,Working Device,1273832,85.1
Region X - Northern Mindanao,2G,248782,7.8
MIMAROPA Region,3G,93302,4.9
Cordillera Administrative Region,4G,1012374,79.5
Region II - Cagayan Valley,4G,2044218,84
Region XIII - Caraga,3G,152068,9
Cordillera Administrative Region,2G,75094,5.9
Bangsamoro Autonomous Region in Muslim Mindanao,4G,1501401,57.2
PHILIPPINES,5G,11597391,15.9
Region VI - Western Visayas,5G,769582,15.4
Region X - Northern Mindanao,Working Device,3203448,76.7
Region VI - Western Visayas,2G,303064,6.1
Region XI - Davao Region,Working Device,3037073,68.3
