Region,Frequency,Number,Percentage
Region VII - Central Visayas,Daily,3528447,78.2
PHILIPPINES,Monthly,608690,1
Region I - Ilocos Region,Weekly,674166,20.7
PHILIPPINES,Weekly,10056764,16.4
Region IX - Zamboanga Peninsula,Weekly,337402,22
Region IV-A - CALABARZON,Total,9966173,71.3
Region III - Central Luzon,Monthly,110010,1.4
Region III - Central Luzon,Weekly,1033657,13.1
Region IV-A - CALABARZON,Weekly,1300329,13
Region XI - Davao Region,Not Regular,145987,6.1
Region VII - Central Visayas,Weekly,766753,17
PHILIPPINES,Total,61467109,67.3
Region XII - SOCCSKSARGEN,Weekly,493571,22
Region III - Central Luzon,Total,7920256,74
Cordillera Administrative Region,Daily,770450,72
Region XII - SOCCSKSARGEN,Total,2242217,61.7
Region VIII - Eastern Visayas,Monthly,35270,1.4
Region VIII - Eastern Visayas,Weekly,543788,21.2
Bangsamoro Autonomous Region in Muslim Mindanao,Total,1518163,40.5
Region II - Cagayan Valley,Daily,1684190,73.9
Region VIII - Eastern Visayas,Not Regular,84687,3.3
Region V - Bicol Region,Not Regular,231790,7.5
Region XIII - Caraga,Total,1442671,65
Region X - Northern Mindanao,Total,2575198,61.7
Region I - Ilocos Region,Monthly,1789,0.1
Region XII - SOCCSKSARGEN,Monthly,31839,1.4
Region IV-A - CALABARZON,Not Regular,789134,7.9
Region IV-A - CALABARZON,Daily,7834961,78.6
National Capital Region,Weekly,535724,5.7
MIMAROPA Region,Not Regular,74394,4.6
Region X - Northern Mindanao,Not Regular,221372,8.6
Region I - Ilocos Region,Total,3250486,74.1
PHILIPPINES,Daily,47253389,76.9
Bangsamoro Autonomous Region in Muslim Mindanao,Not Regular,99044,6.5
MIMAROPA Region,Monthly,17359,1.1
MIMAROPA Region,Total,1607108,63.3
Region V - Bicol Region,Total,3089195,63.2
Region X - Northern Mindanao,Monthly,19339,0.8
National Capital Region,Not Regular,281850,3
Region IX - Zamboanga Peninsula,Not Regular,219660,14.3
Region XIII - Caraga,Monthly,8307,0.6
Cordillera Administrative Region,Total,1070014,71.5
Cordillera Administrative Region,Monthly,11594,1.1
Bangsamoro Autonomous Region in Muslim Mindanao,Monthly,17637,1.2
Region V - Bicol Region,Daily,2083647,67.4
Region XI - Davao Region,Total,2379134,53.5
Bangsamoro Autonomous Region in Muslim Mindanao,Weekly,506788,33.4
Region V - Bicol Region,Monthly,43910,1.4
Region X - Northern Mindanao,Weekly,622819,24.2
Region VIII - Eastern Visayas,Total,2565585,66.4
Bangsamoro Autonomous Region in Muslim Mindanao,Daily,894694,58.9
Region XI - Davao Region,Weekly,433496,18.2
Region VII - Central Visayas,Monthly,37940,0.8
Region I - Ilocos Region,Daily,2563353,78.9
National Capital Region,Monthly,29903,0.3
Region XIII - Caraga,Not Regular,229691,15.9
Region XIII - Caraga,Daily,984352,68.2
Region VI - Western Visayas,Weekly,726019,17.9
Region VII - Central Visayas,Total,4514738,67.7
Region III - Central Luzon,Daily,6292391,79.4
Region V - Bicol Region,Weekly,729848,23.6
Region VI - Western Visayas,Daily,3081031,76.1
Region III - Central Luzon,Not Regular,484198,6.1
Cordillera Administrative Region,Not Regular,75778,7.1
Region IX - Zamboanga Peninsula,Daily,869968,56.7
PHILIPPINES,Not Regular,3548266,5.8
National Capital Region,Total,9465688,79.4
MIMAROPA Region,Weekly,446644,27.8
Region II - Cagayan Valley,Not Regular,67324,3
Region I - Ilocos Region,Not Regular,11178,0.3
Cordillera Administrative Region,Weekly,212192,19.8
National Capital Region,Daily,8618211,91
Region XI - Davao Region,Daily,1787032,75.1
Region IV-A - CALABARZON,Monthly,41749,0.4
Region VI - Western Visayas,Total,4047294,61.4
Region IX - Zamboanga Peninsula,Total,1533070,50.1
Region XII - SOCCSKSARGEN,Not Regular,138361,6.2
Region IX - Zamboanga Peninsula,Monthly,106039,6.9
Region II - Cagayan Valley,Weekly,473245,20.8
Region XII - SOCCSKSARGEN,Daily,1578446,70.4
Region II - Cagayan Valley,Monthly,55360,2.4
Region XI - Davao Region,Monthly,12619,0.5
Region X - Northern Mindanao,Daily,1711668,66.5
Region VI - Western Visayas,Not Regular,212219,5.2
Region II - Cagayan Valley,Total,2280119,74.6
Region XIII - Caraga,Weekly,220322,15.3
Region VIII - Eastern Visayas,Daily,1901840,74.1
MIMAROPA Region,Daily,1068710,66.5
Region VII - Central Visayas,Not Regular,181598,4
Region VI - Western Visayas,Monthly,28025,0.7
