Region,Age Group,Number,Percentage
Region XIII - Caraga,Not Reported,0,0
Region I - Ilocos Region,Age 10-14,392625,12.1
Region VII - Central Visayas,Not Reported,0,0
Region XI - Davao Region,Age 75+,9755,0.4
Region VIII - Eastern Visayas,Age 65-74,46439,1.8
Region II - Cagayan Valley,Age 25-34,521345,22.9
Region VIII - Eastern Visayas,Not Reported,0,0
Region XII - SOCCSKSARGEN,Age 75+,9567,0.4
Region IV-A - CALABARZON,Age 35-44,1841869,18.5
Region IV-A - CALABARZON,Age 55-64,733257,7.4
Region I - Ilocos Region,Not Reported,0,0
Region XII - SOCCSKSARGEN,Age 25-34,551993,24.6
Bangsamoro Autonomous Region in Muslim Mindanao,Age 35-44,209857,13.8
Region II - Cagayan Valley,Age 65-74,54790,2.4
Region VI - Western Visayas,Age 55-64,224126,5.5
Region VIII - Eastern Visayas,Age 55-64,127852,5
Region III - Central Luzon,Age 65-74,240862,3
Region III - Central Luzon,Age 55-64,591083,7.5
Region IX - Zamboanga Peninsula,Not Reported,0,0
MIMAROPA Region,Age 25-34,374356,23.3
Region VI - Western Visayas,Age 10-14,389504,9.6
National Capital Region,Age 15-24,2027818,21.4
Cordillera Administrative Region,Age 45-54,103277,9.7
Region VIII - Eastern Visayas,Age 25-34,652886,25.4
Region IX - Zamboanga Peninsula,Age 15-24,511209,33.3
Region II - Cagayan Valley,Age 45-54,256970,11.3
Region XII - SOCCSKSARGEN,Age 10-14,222935,9.9
National Capital Region,Age 55-64,814886,8.6
Region XIII - Caraga,Age 35-44,222030,15.4
Bangsamoro Autonomous Region in Muslim Mindanao,Age 25-34,409176,27
Region VII - Central Visayas,Age 45-54,455926,10.1
Region IV-A - CALABARZON,Not Reported,0,0
National Capital Region,Age 35-44,1786884,18.9
Region III - Central Luzon,Age 75+,57382,0.7
PHILIPPINES,Age 75+,411349,0.7
Region XII - SOCCSKSARGEN,Age 35-44,387929,17.3
Region I - Ilocos Region,Age 55-64,185696,5.7
Region I - Ilocos Region,Age 15-24,865901,26.6
Region XI - Davao Region,Both Sexes,2379134,53.5
PHILIPPINES,Age 55-64,3981581,6.5
Region VII - Central Visayas,Age 10-14,454286,10.1
Region VI - Western Visayas,Age 65-74,108928,2.7
Region X - Northern Mindanao,Age 15-24,785741,30.5
PHILIPPINES,Age 25-34,14481475,23.6
Cordillera Administrative Region,Age 10-14,108637,10.2
Region XII - SOCCSKSARGEN,Age 45-54,237672,10.6
Bangsamoro Autonomous Region in Muslim Mindanao,Age 55-64,47635,3.1
Region X - Northern Mindanao,Age 10-14,303916,11.8
Bangsamoro Autonomous Region in Muslim Mindanao,Age 45-54,126639,8.3
Region V - Bicol Region,Age 65-74,79266,2.6
Bangsamoro Autonomous Region in Muslim Mindanao,Age 15-24,539657,35.5
Region XII - SOCCSKSARGEN,Age 55-64,137351,6.1
Region IV-A - CALABARZON,Age 65-74,321169,3.2
Region V - Bicol Region,Both Sexes,3089195,63.2
Region XI - Davao Region,Age 15-24,702247,29.5
Region X - Northern Mindanao,Age 75+,8874,0.3
Region II - Cagayan Valley,Both Sexes,2280119,74.6
Region VI - Western Visayas,Age 75+,19649,0.5
Region XIII - Caraga,Age 55-64,55469,3.8
Bangsamoro Autonomous Region in Muslim Mindanao,Age 10-14,173885,11.5
MIMAROPA Region,Age 45-54,160864,10
National Capital Region,Age 65-74,368743,3.9
Region XIII - Caraga,Both Sexes,1442671,65
Region IX - Zamboanga Peninsula,Age 25-34,430315,28.1
Region IV-A - CALABARZON,Age 15-24,2497509,25.1
MIMAROPA Region,Both Sexes,1607108,63.3
Region VII - Central Visayas,Age 35-44,794531,17.6
Region XII - SOCCSKSARGEN,Age 65-74,45207,2
Region XI - Davao Region,Age 45-54,199359,8.4
Region VI - Western Visayas,Not Reported,0,0
Region VII - Central Visayas,Age 65-74,127006,2.8
National Capital Region,Both Sexes,9465688,79.4
Region VII - Central Visayas,Age 25-34,1116601,24.7
PHILIPPINES,Age 35-44,10540369,17.1
Region VI - Western Visayas,Age 25-34,1019853,25.2
Region VI - Western Visayas,Age 45-54,421141,10.4
Region II - Cagayan Valley,Age 10-14,294428,12.9
Region XII - SOCCSKSARGEN,Not Reported,0,0
PHILIPPINES,Not Reported,2502,0
Region IX - Zamboanga Peninsula,Age 55-64,59285,3.9
Region III - Central Luzon,Age 45-54,991188,12.5
National Capital Region,Age 75+,118357,1.3
Region XIII - Caraga,Age 10-14,196573,13.6
Region VIII - Eastern Visayas,Age 15-24,817223,31.9
MIMAROPA Region,Age 10-14,168067,10.5
Region V - Bicol Region,Age 35-44,437720,14.2
Region VII - Central Visayas,Age 75+,26833,0.6
Region VII - Central Visayas,Age 55-64,277055,6.1
Cordillera Administrative Region,Age 25-34,270606,25.3
Cordillera Administrative Region,Age 75+,4171,0.4
Cordillera Administrative Region,Both Sexes,1070014,71.5
Region V - Bicol Region,Not Reported,0,0
National Capital Region,Age 25-34,1990103,21
Region V - Bicol Region,Age 10-14,380678,12.3
Region X - Northern Mindanao,Age 25-34,654461,25.4
Region X - Northern Mindanao,Age 55-64,119720,4.6
Bangsamoro Autonomous Region in Muslim Mindanao,Age 75+,880,0.1
Region VI - Western Visayas,Both Sexes,4047294,61.4
PHILIPPINES,Age 65-74,1698518,2.8
Region VIII - Eastern Visayas,Both Sexes,2565585,66.4
Region XI - Davao Region,Age 35-44,389790,16.4
Region III - Central Luzon,Age 35-44,1393247,17.6
Cordillera Administrative Region,Age 35-44,185111,17.3
Region II - Cagayan Valley,Not Reported,931,0
Region XIII - Caraga,Age 45-54,128754,8.9
Region XI - Davao Region,Age 25-34,606600,25.5
Region IX - Zamboanga Peninsula,Age 65-74,25045,1.6
Bangsamoro Autonomous Region in Muslim Mindanao,Both Sexes,1518163,40.5
Region XIII - Caraga,Age 15-24,457525,31.7
PHILIPPINES,Age 15-24,16736847,27.2
Region VI - Western Visayas,Age 35-44,660611,16.3
Cordillera Administrative Region,Age 65-74,22758,2.1
Region III - Central Luzon,Age 15-24,2014438,25.4
PHILIPPINES,Age 10-14,6676343,10.9
Region II - Cagayan Valley,Age 55-64,141884,6.2
Region I - Ilocos Region,Age 35-44,581326,17.9
MIMAROPA Region,Age 55-64,110888,6.9
Region I - Ilocos Region,Age 45-54,392637,12.1
Region VIII - Eastern Visayas,Age 45-54,225801,8.8
Region VIII - Eastern Visayas,Age 75+,17424,0.7
Region II - Cagayan Valley,Age 35-44,394758,17.3
Region XI - Davao Region,Age 10-14,295043,12.4
Region II - Cagayan Valley,Age 15-24,597150,26.2
Region III - Central Luzon,Age 25-34,1799705,22.7
Region X - Northern Mindanao,Age 65-74,47107,1.8
Region I - Ilocos Region,Both Sexes,3250486,74.1
Region X - Northern Mindanao,Not Reported,0,0
Region VIII - Eastern Visayas,Age 10-14,312767,12.2
Region X - Northern Mindanao,Age 35-44,397577,15.4
Region III - Central Luzon,Both Sexes,7920256,74
Region IV-A - CALABARZON,Age 45-54,1241652,12.5
Region IX - Zamboanga Peninsula,Age 35-44,235824,15.4
Region III - Central Luzon,Not Reported,0,0
Region XI - Davao Region,Not Reported,0,0
Region III - Central Luzon,Age 10-14,832351,10.5
National Capital Region,Age 45-54,1344657,14.2
Region XIII - Caraga,Age 75+,4721,0.3
Region XII - SOCCSKSARGEN,Age 15-24,649564,29
Region V - Bicol Region,Age 15-24,1002959,32.5
National Capital Region,Not Reported,1571,0
Region I - Ilocos Region,Age 75+,13521,0.4
Region VI - Western Visayas,Age 15-24,1203481,29.7
National Capital Region,Age 10-14,1012669,10.7
Region VII - Central Visayas,Age 15-24,1262500,28
Region X - Northern Mindanao,Both Sexes,2575198,61.7
Region V - Bicol Region,Age 75+,17107,0.6
Region V - Bicol Region,Age 55-64,167979,5.4
Region IV-A - CALABARZON,Age 10-14,1011019,10.1
Region VIII - Eastern Visayas,Age 35-44,365192,14.2
Region IX - Zamboanga Peninsula,Age 10-14,126961,8.3
Cordillera Administrative Region,Not Reported,0,0
Region X - Northern Mindanao,Age 45-54,257801,10
MIMAROPA Region,Age 15-24,483207,30.1
Region XIII - Caraga,Age 65-74,31874,2.2
Bangsamoro Autonomous Region in Muslim Mindanao,Age 65-74,10433,0.7
MIMAROPA Region,Not Reported,0,0
Region I - Ilocos Region,Age 25-34,739468,22.7
Region VII - Central Visayas,Both Sexes,4514738,67.7
Region IV-A - CALABARZON,Age 25-34,2246548,22.5
MIMAROPA Region,Age 65-74,43918,2.7
Region V - Bicol Region,Age 45-54,251751,8.1
Region IX - Zamboanga Peninsula,Both Sexes,1533070,50.1
Bangsamoro Autonomous Region in Muslim Mindanao,Not Reported,0,0
Region II - Cagayan Valley,Age 75+,17864,0.8
PHILIPPINES,Age 45-54,6938125,11.3
Cordillera Administrative Region,Age 55-64,56736,5.3
Region I - Ilocos Region,Age 65-74,79312,2.4
Region IX - Zamboanga Peninsula,Age 75+,2395,0.2
Region XI - Davao Region,Age 55-64,130678,5.5
Region XIII - Caraga,Age 25-34,345724,24
Cordillera Administrative Region,Age 15-24,318718,29.8
Region XII - SOCCSKSARGEN,Both Sexes,2242217,61.7
MIMAROPA Region,Age 35-44,256112,15.9
Region V - Bicol Region,Age 25-34,751734,24.3
Region IX - Zamboanga Peninsula,Age 45-54,142037,9.3
PHILIPPINES,Both Sexes,61467109,67.3
MIMAROPA Region,Age 75+,9696,0.6
Region XI - Davao Region,Age 65-74,45663,1.9
Region IV-A - CALABARZON,Age 75+,73152,0.7
Region IV-A - CALABARZON,Both Sexes,9966173,71.3
